{
  "project_info": {
    "project_number": "446973702123",
    "project_id": "organizze-27371",
    "storage_bucket": "organizze-27371.appspot.com"
  },
  "client": [
    {
      "client_info": {
        "mobilesdk_app_id": "1:446973702123:android:f4664262d6f8142bbc73ae",
        "android_client_info": {
          "package_name": "com.luizsilva.example.organizze"
        }
      },
      "oauth_client": [
        {
          "client_id": "446973702123-72rs0915bm8r9t9bfi5gqlj1cst7sg31.apps.googleusercontent.com",
          "client_type": 1,
          "android_info": {
            "package_name": "com.luizsilva.example.organizze",
            "certificate_hash": "ca6ad68c79cfc79472f42cecf0bafcda7775337e"
          }
        },
        {
          "client_id": "446973702123-33b3hvb9q1q1qqq7qqtfdj5j8cqm5p4u.apps.googleusercontent.com",
          "client_type": 3
        }
      ],
      "api_key": [
        {
          "current_key": "AIzaSyDRjiDNsOevoA7uxGq_DqA3H3NXpnQZgLQ"
        }
      ],
      "services": {
        "appinvite_service": {
          "other_platform_oauth_client": [
            {
              "client_id": "446973702123-33b3hvb9q1q1qqq7qqtfdj5j8cqm5p4u.apps.googleusercontent.com",
              "client_type": 3
            }
          ]
        }
      }
    }
  ],
  "configuration_version": "1"
}